<?xml version="1.0" encoding="UTF-8" standalone="yes"?>
<addon id="plugin.video.mbtv"
       name="MBTV Video Add-on"
       version="1.0.0"
       provider-name="MBTV">
	<requires>
		<import addon="xbmc.python"
		        version="3.0.0"/>
		<import addon="script.module.routing"
		        version="0.2.3"/>
		<import addon="script.module.requests"
		        version="2.22.0"/>
	</requires>
	<extension point="xbmc.python.pluginsource"
	           library="main.py">
		<provides>video</provides>
	</extension>
	<extension point="xbmc.addon.metadata">
		<summary lang="he_IL">הרחבת וידאו לMBTV</summary>
		<description lang="he_IL">הרחבת וידאו לMBTV</description>
		<language>he</language>
		<platform>all</platform>
		<assets>
			<icon>icon.png</icon>
			<fanart>fanart.jpg</fanart>
		</assets>
	</extension>
</addon>