<?xml version="1.0" encoding="UTF-8" standalone="yes"?>
<addon id="script.mbtv.tools" name="MBTV Tools" version="B1.0.0" provider-name="MBTV">
    <requires>
        <import addon="xbmc.python" version="3.0.0"/>
		<import addon="pvr.iptvsimple" version="3.5.0"/>
    </requires>
    <extension point="xbmc.python.script" library="addon.py">
        <provides>executable</provides>
    </extension>
    <extension point="xbmc.addon.metadata">
        <summary lang="en_GB">MBTV Tools</summary>
        <description lang="en_GB">This addon provides various tools for Kodi builds.</description>
        <language>en</language>
        <platform>all</platform>
        <license>GNU General Public License v3.0</license>
        <forum></forum>
        <website></website>
        <email></email>
        <source></source>
        <news>v1.0.0 (2024-09-18)
- Initial release
        </news>
        <assets>
            <icon>icon.png</icon>
            <fanart>fanart.jpg</fanart>
        </assets>
    </extension>
</addon>