<?xml version="1.0" encoding="UTF-8" standalone="yes"?>
<addon id="plugin.program.meirwizard" name="[B][COLOR royalblue]MEIR[/COLOR] [COLOR gold]WIZARD[/COLOR][/B]" version="1.4.2" provider-name="[COLOR aqua]MeirB88[/COLOR]">
    <requires>
    <import addon="xbmc.python" version="2.1.0"/>
  </requires>
  <extension point="xbmc.python.pluginsource" library="default.py">
    <provides>executable</provides>
  </extension>
  <extension point="xbmc.service" library="startup.py" start="startup" />
  <extension point="xbmc.addon.metadata">
        <summary lang="en">[COLOR royalblue]MEIR[/COLOR] [COLOR gold]WIZARD[/COLOR]</summary>
        <description lang="he">בילדים ישראליים בעברית לקודי</description>
        <disclaimer lang="en"></disclaimer>
    <platform>all</platform>
    <license>GNU GENERAL PUBLIC LICENSE. Version 3, 29 June 2007</license>
    <assets>
        <icon>icon.png</icon>
        <fanart>fanart.jpg</fanart>
        <screenshot></screenshot>
        <screenshot></screenshot>
        <screenshot></screenshot>
    </assets>
    <news></news>
    </extension>
</addon>