<?xml version="1.0" encoding="UTF-8" standalone="yes"?>
<addon id="repository.mbtv" name="MBTV Repo" version="1.0" provider-name="MeirB88">
    <extension point="xbmc.addon.repository" name="Example Repository">
        <dir>
            <info compressed="false">https://raw.githubusercontent.com/MeirB88/MeirB88.github.io/master/repo/zips/addons.xml</info>
            <checksum>https://raw.githubusercontent.com/MeirB88/MeirB88.github.io/master/repo/zips/addons.xml.md5</checksum>
            <datadir zip="true">https://raw.githubusercontent.com/MeirB88/MeirB88.github.io/master/repo/zips/</datadir>
        </dir>
    </extension>
    <extension point="xbmc.addon.metadata">
        <summary>MBTV Repo</summary>
        <description>MBTV Repo</description>
        <disclaimer></disclaimer>
        <platform>all</platform>
        <assets>
            <icon>icon.png</icon>
            <fanart>fanart.jpg</fanart>
        </assets>
    </extension>
</addon>